users,organization,gratification,ocupation,engagement_start,engagement_end,application_end,publication_end,firstCheck,title,description,hideOrganizationLogo,createdAt,updatedAt,publishedAt,contact,fromAge,toAge,secondCheck
user,NULL,> 3.500/350/35€,normal,5/31/2014,5/31/2014,5/31/2014,6/12/2014,,Job without organization,<p>This job is created by a user who doesn't have an organization!</p>,1,5/13/2014 13:03,5/13/2014 13:03,,,20,35,1
userOrg,Die Badische Landesbühne,"> 85/8,50€",teaching activity,5/28/2014,5/28/2014,5/28/2014,5/28/2014,,Job with organization.User belongs to Die Badische. username :userOrg,<p>First job for die badische organization.</p>,0,5/13/2014 13:13,5/13/2014 13:13,5/13/2014 13:13,,45,78,0
userOrg,Die Badische Landesbühne,"> 1.765/175/17,50€","competitions, opportunities",5/28/2014,5/28/2014,5/28/2014,6/12/2014,,Second job with organization.User belongs to Die Badische. username :userOrg,<p>First job for die badische organization.</p>,1,5/13/2014 13:16,5/13/2014 13:16,5/13/2014 13:16,,20,46,1
userOrg,Staatsoperette Dresden,"> 1.765/175/17,50€","competitions, opportunities",5/28/2014,5/28/2014,5/28/2014,6/12/2014,,First job with another organization.User belongs to Staatsoperette Dresden. username :userOrg,<p>First job for Staatsoperette Dresden organization.</p>,1,5/13/2014 13:16,5/13/2014 13:16,5/13/2014 13:16,,30,50,1
userOrg2,Die Badische Landesbühne,"> 85/8,50€",normal,5/27/2014,5/28/2014,5/27/2014,5/27/2014,,First job for die badische by userOrga2,<p>First job for die badische by userOrga2</p>,0,5/13/2014 13:31,5/13/2014 13:31,5/13/2014 13:31,,45,50,1
userOrg2,Die Badische Landesbühne,"> 85/8,50€",teaching activity,5/27/2014,5/28/2014,5/27/2014,6/12/2014,,Second job for die badische by userOrga2,<p>Second job for die badische by userOrga2</p>,0,5/13/2014 13:33,5/13/2014 13:33,5/13/2014 13:33,,23,30,0
userOrgOther,Theater Plauen-Zwickau,"> 85/8,50€","lab, trainees, voluntary service",6/24/2014,6/26/2014,5/25/2014,6/24/2014,,First job for organization Theater Plauen by userOrgaOther,<p>First job for organization Theater Plauen by userOrgaOther</p>,0,5/13/2014 13:39,5/13/2014 13:39,5/13/2014 13:39,,25,35,0
userOrgOther,Theater Plauen-Zwickau,"> 85/8,50€",education,6/24/2014,6/26/2014,5/25/2014,6/12/2014,,Second job for organization Theater Plauen by userOrgaOther,<p>Second job for organization Theater Plauen by userOrgaOther</p>,0,5/13/2014 13:40,5/13/2014 13:40,5/13/2014 13:40,,30,35,1
renate@theaterjobs.de,Die Badische Landesbühne,"> 1.765/175/17,50€",normal,2015-07-31,2015-08-30,2015-07-30,2015-07-30,,TÄNZER/IN MIT AKROBATISCHEN/ARTISTISCHEN SKILLS BZW. AKROBAT/IN MIT TANZ,"<div>Unsere neue Tanztheaterproduktion ""Cirque de la Famille"" (AT) arbeitet mit einer Mischung aus tänzerischen und akrobatisch artistischen Stilmitteln. Für unser vier-köpfiges Kern-Ensembles suchen wir noch weitere zwei Bühnenprofis, davon mindestens einen männlichen Darsteller. Das Ensemble wird mit weiteren acht talentierten Komparsen ergänzt.</div><div>Probenzeitraum: ab 19.November 2015 in einzelnen mehrtägigen Probenblöcken</div><div>Probenzeit insgesamt: +/- 30 Probentage</div><div>Premiere: 21. April 2016 in der Tafelhalle Nürnberg</div><div><br></div><div>Juni/Juli WA beim St Katharinen Opren Air in Nürnberg</div><div><br></div><div>Vergütung: Probenpauschale, Vorstellungen werden extra vergütet</div><div><br></div><div>Werkvertrag für freischaffenden, selbständigen künstlerischen Mitarbeiter</div><div>Bewerbungen mit CV, Bild und/oder Videolink, falls vorhanden, bitte an info@setanztheater.de</div><div>Auditiontermin nach Einladung und Absprache</div><div><br></div><div>Noch Fragen? --&gt; info@setanztheater.de oder Tel.: 0177-2769046</div>",0,2015-07-03 15:19:25,2015-07-03 15:19:25,2015-07-03 15:19:25,dasdsdsaddsadsadasd,27,35,0
renate@theaterjobs.de,Die Badische Landesbühne,> 2.500/250/25€,normal,2015-07-28,2015-07-31,2015-07-27,2015-07-27,,CHORBASS,"<div>Das Mecklenburgische Staatstheater Schwerin sucht zum 21.09.2015 für seinen Opernchor unter der Leitung von Ulrich Barthel einen</div><div><br></div><div>1. Chorbass</div><div><br></div><div>Die Landeshauptstadt Schwerin ist eine sehr attraktive ehem. Residenzstadt mit historischem Stadtkern, die mit ihrem Umland eine hohe Lebensqualität bietet.&nbsp;</div><div><br></div><div>Das Mecklenburgische Staatstheater ist ein Mehrspartentheater. Der Opernchor wirkt mit in allen Gattungen des Musiktheaters (Oper, Operette und Musical) und ist regelmäßig auch in Konzerten und mit eigenen Projekten zu hören. Durch eine Zielvereinbarung der Stadt Schwerin mit dem Land Mecklenburg-Vorpommern ist die Strukturentwicklung des Hauses langfristig geregelt. Generalmusikdirektor ist Daniel Huppert, design. Generalintendant ab der Spielzeit 2016/2017 ist Lars Tietje.</div><div><br></div><div>Voraussetzungen: abgeschlossene Gesangsausbildung und akzentfreie Beherrschung der deutschen Sprache</div><div><br></div><div>Der Vertrag richtet sich nach NV Bühne (Chorgagenklasse 1b).</div><div><br></div><div>Bewerbungskosten können nicht übernommen werden.</div><div><br></div><div>Bewerbungen mit Lebenslauf und künstlerischem Werdegang sind bis zum 07.07.2015 zu richten an:</div><div><br></div><div><br></div><div>Mecklenburgisches Staatstheater Schwerin gGmbH</div><div>Chordirektion</div><div>Alter Garten 2</div><div>19055 Schwerin</div><div>E-Mail: chor@theater-schwerin.de</div>",0,2015-07-03 15:23:27,2015-07-03 15:23:27,2015-07-03 15:23:27,"SETanztheater
Saarburger Str. 3
90469 Nürnberg
Deutschland
Ansprechpartner/in:
Sebastian Eilers
Telefon:
01772769046
E-Mail:
info@setanztehater.de
Website:
www.setanztehater.de",41,45,1
renate@theaterjobs.de,Staatsoperette Dresden,> 3.500/350/35€,normal,2015-07-31,2015-08-31,2015-07-30,2015-07-30,,"DARSTELLER DINNERMUSICAL (M., SPIELALTER CA.30-50J., FRANKFURT)","<div>Für unsere Produktion CASINO – das Mafia-Musical suchen wir für unseren Produktionspartner ab der Spielzeit 2015/16 Darsteller im Bereich Musical zur Erweiterung unseres Stammensembles als Doppelbesetzung.</div><div><br></div><div>Das Stück:</div><div><br></div><div>Im Hinterzimmer eines Hotels im Chicago der 30er Jahre hat Don Vittorio di Speranza die hochkarätigen Unterwelt-Größen zum Spiel in seinem Casino eingeladen. Beim Roulette und beim Bingo zocken die Ganoven mit dem Don und seiner Famiglia um Millionenbeträge. Zur Tarnung des illegalen Abends ist die Ganovenschar zu einem Gesangswettbewerb eingeladen. Donna Lina, die bessere Hälfte des Dons und die besten Sängerinnen der Stadt setzen alles daran, die Gäste zu unterhalten und dem FBI Sand in die Augen zu streuen. Im Verlauf des Abends haben alle mit einem Auftragskiller, der Konkurrenz und Beziehungskrisen zu kämpfen.</div><div><br></div><div>Gesucht werden</div><div>- Musical-Darsteller / Sänger für männliche Rollen mit Spielalter zwischen 30-50 Jahren.</div><div><br></div><div>DON VITO SPERANZA (Spielalter 35-50 Jahre) - Bariton</div><div>Er ist der Capo (Boss) der Familie Speranza, die ihr Geld überwiegend im Alkoholschmuggel verdient. Er genießt überall größten Respekt, seine Position verlangt ihm aber auch Härte ab. Er zögert nicht, Mafia-Methoden anzuwenden, will sein Imperium aber für die Zukunft mehr in legale Bahnen lenken. Er hat Freude am Pokern und weiteren Glückspielen, ist aber nicht übereifrig bei den Spielen. Er behält den Überblick. Bevor er als erstgeborener Sohn zum Familienoberhaupt wurde, hatte er eine starke Neigung zum Künstlerischen (Singen).</div><div><br></div><div>Für die Doppelrolle JONATHAN BREWSTER/LUCCA (Spielalter 30-45 Jahre) – Hoher Bariton:</div><div><br></div><div>JONATHAN:</div><div>Er steht seit jeher im Schatten seines großen Bruders, des Mafia-Dons Vito Speranza. Er hat keinerlei Selbstvertrauen, was er mit einer „Möchte-Gern-Weltmännischkeit“ erfolglos zu verschleiern versucht. Er hat sich durch seine Großspurigkeit für die meisten Arbeitsfelder in der Mafia disqualifiziert und ist deshalb als Auftragskiller unterwegs. Nach einer misslungenen Gesichtsoperation ist er durch Narben entstellt. Er liebt das Showgirl Martha, die ihn verlassen hat. Vor vielen Jahren hat er seinen Namen geändert, um der Familie Speranza durch seine Beschäftigung keine Schande zu machen.</div><div><br></div><div>LUCCA:</div><div>Ein Vertrauter des Mafia-Dons Vito Speranza. Er fühlt sich für die Sicherheit und das Wohlergehen seines Don verantwortlich und würde alles für seinen Boss tun. Für ihn ist es besonders schrecklich, dass er durch ein unkontrolliertes Kartenspiel den Don selbst in Schwierigkeiten gebracht hat. Er tut in der Folge alles, um es wieder gut zu machen. Er fühlt sich zu Frenchy, einem Showgirl, hingezogen, will die Beziehung zu ihr aber „im Rahmen“ halten, weil er Angst hat sich zu verlieben und seinen Job nicht vernachlässigen will.</div><div>Unser Produktionspartner erwartet:</div><div>- Verfügbarkeit zu Einarbeitsproben im Zeitraum von Mitte September bis Anfang Oktober</div><div>- Eine Wohnmöglichkeit im Rhein-Main-Gebiet ist von Vorteil, da keine Wohnmöglichkeit für die Probezeit gestellt werden kann.</div><div>- Eine Musical- oder Gesangsausbildung und akzentfreies Deutsch werden vorausgesetzt.</div><div>- Teamgeist + Erfindungslust</div><div>- Freude und Bereitschaft, im Rahmen der gespielten Figur mit neu entstehenden Spielsituationen (z.B. mit der Reaktion eines Gastes) positiv und spielerisch umzugehen, ohne dass die künstlerische Qualität und Stückinhalt beschädigt werden.</div><div>Wir bieten u.a.:</div><div>- feste Abendgage (nach Absprache)</div><div>- mehrere Termine bis Ende 2015, nach Absprache.</div><div>- weitere Termine ab Januar 2016, nach Absprache.</div><div>- Die Vorstellungen finden bundesweit statt. Abreise wird i.d.R. von Darmstadt / Frankfurt a.M. sein. Angesetzt sind Reiseblöcke von etwa 3-5 Tagen.</div><div>- Ein gültiger Führerschein (Klasse B /alte Klasse 3) und Fahrbereitschaft erwünscht.</div><div>Termine für ein Vorsingen /Arbeitstreffen in den Probenräumen in DARMSTADT nach Absprache innerhalb der nächsten Wochen.</div><div>Anreisekosten können nicht übernommen werden. Eine Bescheinigung über das Vorsprechen erhalten Sie selbstverständlich.</div><div><br></div><div>Im Falle einer Zusammenarbeit werden Ihnen Arbeitsmaterialien wie Noten und Musikdateien zur Verfügung gestellt. Es werden vor dem Premierentermin ggf. nochmals zügige Übernahme-Proben durchgeführt.&nbsp;</div><div>Eine Probenpauschale kann nicht gezahlt werden.</div><div><br></div><div><br></div><div>Bewerbungen bitte mit Foto und Vita nur per Email mit Betreff MUSICAL an actors@dinnerkrimi.de</div>",0,2015-07-03 15:27:18,2015-07-03 15:27:18,2015-07-03 15:27:18,"Kontakt:
Mecklenburgisches Staatstheater Schwerin gGmbH
Chordirektion
Alter Garten 2
19055 Schwerin
Deutschland
Ansprechpartner/in:
Ulrich Barthel
Telefon:
0385/5300-155
E-Mail:
chor@theater-schwerin.…
Website:
www.theater-sch…",80,90,1
renate@theaterjobs.de,Die Badische Landesbühne,> 3.500/350/35€,normal,2015-07-28,2015-07-31,2015-07-27,2015-07-27,,VIOLINE (STIMMFÜHRER/IN),"<div>Gürzenich-Orchester Köln</div><div>Designierter Gürzenich-Kapellmeister François-Xavier Roth</div><div>Erster Gastdirigent James Gaffigan</div><div>Ehrendirigenten Dmitrij Kitajenko, Günter Wand&nbsp;</div><div><br></div><div>Folgende Stelle ist ab sofort bis 29.2.2016 zu besetzen:</div><div><br></div><div>2. Violine (Stimmführer/in), Tätigkeitszulage 1</div><div><br></div><div>Probespieltermin: wird noch bekannt gegeben</div><div>Pflichtstücke: Mozart-Konzert (KV 216, 218 oder 219) sowie ein großes Violinkonzert nach Wahl.</div><div>Die Vergütung erfolgt nach TVK A zzgl. Zulage F1 sowie Medienpauschale. Erforderlich für die Teilnahme an einem Probespiel ist eine schriftliche Einladung, in welcher auch Probespiel- bzw. Orchesterstellen bekanntgegeben werden. Probespiel- bzw. Orchesterstellen werden mit der Einladung bekannt gegeben.</div><div>Die Stadt Köln strebt einen höheren Anteil von Frauen in Leitungsfunktionen und in unterpräsentierten Berufsbereichen an. Frauen sind deshalb ausdrücklich aufgefordert, sich zu bewerben. Eine Beschäftigung in Teilzeit wird gern gesehen. Die Dienststelle setzt sich dafür ein, den Wünschen der Bewerberinnen und Bewerber zu entsprechen.</div><div><br></div><div>Bewerbungsunterlagen (nur Kopien) bitte an&nbsp;</div><div><br></div><div>Gürzenich-Orchester</div><div>Bischofsgartenstr. 1</div><div>50667 Köln</div>",0,2015-07-03 15:31:06,2015-07-03 15:31:06,2015-07-03 15:31:06,"Theater auf Tour - DinnerKrimi
Hilpertstraße 35
64295 Darmstadt
Deutschland
Ansprechpartner/in:
Frau Laier
Telefon:
06151-98009-19
E-Mail:
actors@dinnerkrimi.de
Website:
www.dinnerkrimi…",45,52,0
renate@theaterjobs.de,Die Badische Landesbühne,> 3.500/350/35€,normal,2015-07-31,2015-08-31,2015-07-30,2015-07-30,,MUSICALDARSTELLER,"<div>Das Mainfranken Theater Würzburg präsentiert in der Spielzeit 2015/2016 die Uraufführung des Musiktheaters „Der Steppenwolf“ nach dem berühmten Roman von Hermann Hesse. Dieses Werk, zu dem Viktor Åslund die Musik komponiert hat, ist dabei weder Musical noch Oper, weder Schauspiel mit Songeinlagen noch Lyrisches Drama, sondern einfach pralles Musiktheater.</div><div><br></div><div>Für die Partie des Pablo sucht das Mainfranken Theater noch einen Musicaldarsteller.</div><div>Baritenor, südländischer Typ, Rollenalter 25 bis 35 Jahre</div><div>Probenbeginn 17.03.2016</div><div>Premiere 07.05.2016 – 8 Vorstellungen bis 01.07.2016</div><div><br></div><div>Das Vorsingen findet voraussichtlich in der 30. Kalenderwoche statt.</div><div>Bei Rückfragen wenden Sie sich bitte an unseren Musikdramaturgen Christoph Blitt unter 0931/3908-147 oder Christoph.Blitt@stadt.wuerzburg.de.</div><div><br></div><div>Bewerbungen bitte bis zum 08.07.2015 an:</div><div><br></div><div>Mainfranken Theater Würzburg</div><div>Künstlerisches Betriebsbüro</div><div>Theaterstr. 21</div><div>97070 Würzburg</div><div>Per Mail: simone.rupp@stadt.wuerzburg.de</div>",0,2015-07-03 15:32:57,2015-07-03 15:32:57,2015-07-03 15:32:57,"Gürzenich-Orchester
Bischofsgartenstr. 1
50667 Köln
E-Mail:
kontakt@guerzenich-orc…
Website:
www.guerzenich-…",21,30,0
renate@theaterjobs.de,Theater Plauen-Zwickau,"> 850/85/8,50€",normal,2015-07-31,2015-08-31,2015-07-27,2015-07-27,,"MUSICALDARSTELLER (M) FÜR / ""MY FAIR LADY"" UND WEITERE PRODUKTIONEN","<div>AUDITION:</div><div>in PULHEIM (bei Köln):&nbsp;</div><div>Montag (Pfingstmontag), 25.05.2015 /10:00 - ca. 17:00 Uhr</div><div><br></div><div>Repertoire für das Audition:&nbsp;</div><div>Bitte bereiten Sie mind. 3 verschiedene Stücke vor (gemischt up tempo / Ballade), davon mind. eine in deutscher Sprache.&nbsp;</div><div>Wenn Sie sich für eine bestimmte Partie bewerben, sind die Songs aus der jeweiligen Partie unbedingt zum Vorsingen vorzubereiten. Eine genauere Liste über die vorzubereitenden Stücke wird Ihnen mit der Einladung zur Audition zugeschickt.</div><div>Bitte bringen Sie zur Audition unbedingt geklebte NOTEN in richtiger Reihenfolge und Tonart für den Pianisten mit (keine Lead-Sheets!). Und bitte TANZ-KLEIDUNG nicht vergessen.</div><div><br></div><div>Fahrtkosten zur Audition können leider nicht übernommen werden.</div><div><br></div><div>BEWERBUNGEN:</div><div>Bitte schicken Sie Ihre Bewerbung (mit Lebenslauf und Foto) ausschließlich per EMail an: bewerbung@kammeroper-koeln.de</div><div><br></div><div>Ein Wohnort oder eine Wohnmöglichkeit in Köln und Umgebung ist von Vorteil.&nbsp;</div><div>Bitte beachten Sie, dass wir keine Unterkünfte in Köln stellen können. Bei längeren Tourneen wird das Hotel (DZ) bei von Köln weiter entfernten Orten durch uns gestellt.</div><div>Die Kammeroper Köln (KOK) ist seit 1996 als Tourneetheater auf dem deutschsprachigen Markt äußerst erfolgreich mit klassischer Oper und Operette unterwegs. Seit 2011 ist die Sparte Musical hinzugekommen, in Verbindung mit der Deutschen Musical Company (DMC).&nbsp;</div><div>Alleine in der Spielzeit 2013/2014 war sie mit den Produktionen „My Fair Lady“ und „La Cage aux Folles“ in 90 Städten zu Gast (u.a. Hamburg, Essen, Leipzig, Berlin, Frankfurt, etc.).&nbsp;</div><div>Die KOK und die DMC setzen sich die Aufgabe, den Bühnen-Nachwuchs in Kombination mit erfahrenen Darstellern, Produzenten, Regisseuren, Choreographen und Dirigenten nach der Ausbildung gezielt zu fördern.&nbsp;</div><div>Diese Ausschreibung richtet sich in vor allem an junge Nachwuchsdarsteller, die entweder noch im Studium oder noch nicht allzulange fertig sind und noch nicht über viel Erfahrung verfügen, Bühnenpraxis benötigen oder ihr Repertoire um Partien erweitern wollen.</div><div><br></div><div><br></div><div>BEZAHLUNG:&nbsp;</div><div>Die Bezahlung erfolgt pro Vorstellung, die Probenphase kann leider nicht extra vergütet werden.</div><div>(Bezahlung auf Tournee: 100,- bis 150,- Euro (je nach Partie), in Köln zwischen 60,- bis 90,- Euro - die überwiegende Anzahl der Vorstellung ist auf Tournee!)</div><div><br></div><div>PROBEN UND AUFFÜHRUNGSZEITEN:</div><div><br></div><div>MOZART SUPERSTAR</div><div>Proben (Neuproduktion): 09.11. - 22.11. / 04. - 21.01.2016</div><div>Show-Termine: (insg. ca. 60 Vorstellungen, davon 8 in Köln/Pulheim)</div><div>Jan: 22./23./24./27./28./31. - Feb: 08./09./10./11./13./14./15./16./17./18./21./22./23./24./25./27./28./29. - März: 01./02./03./04./06./07./08./09./10./11./12./13./14./15./16./17./18./20./30. - April:03./04./05./07./09./10./12./13./14./15./19./23./24./25./26. - weitere Termine in Planung&nbsp;</div><div><br></div><div>MY FAIR LADY&nbsp;</div><div>Proben (Wiederaufnahme): 30.11.-03.12.2015</div><div>Show-Termine: (insg. ca. 13 Vorstellungen, davon 3 in Köln/Pulheim)</div><div>Dez: 04./05./28./29./30./31. - Jan: 02./03./04./05. - Febr.: 02. - April: 16./17. - weitere Termine in Planung&nbsp;</div><div><br></div><div>CABARET&nbsp;</div><div>Proben (Wiederaufnahme): 19.-25.07.15 / 22.10. / 12.12. / 19.04.16</div><div>SHOW-TERMINE: (insg. ca. 17 Vorstellungen, davon 14 auf Tournee und 3 in Köln/Pulheim)&nbsp;</div><div>Juli: 26./28. - Okt.: 23./27./31. - Dez: 13./ 31.(Doppelshow) - Jan: 30. - Feb: 05./06./19./20. - April: 21./22./29./30. - sowie Theaterfest / Tag der offenen Tür am 06.09.2015 - weitere Termine in Planung</div><div><br></div><div><br></div><div>DIE LUSTIGE WITWE</div><div>Proben (Neuproduktion): 27.07. - 27.08. / 14.-16.10.</div><div>AUFFÜHRUNGS-TERMINE: (insg. ca. 19 Vorstellungen, davon 13 auf Tournee und 6 in Köln/Pulheim)&nbsp;</div><div>Aug.: 28./29. - Sep: 05./06./08./11./13./16./19. Okt.: 17. - Nov: 28./29. - Dez: 16./19. - Jan: 07./09./16./17./29.</div><div>AUDITION:</div><div>in PULHEIM (bei Köln):&nbsp;</div><div>Montag (Pfingstmontag), 25.05.2015 /10:00 - ca. 17:00 Uhr</div><div><br></div><div>Repertoire für das Audition:&nbsp;</div><div>Bitte bereiten Sie mind. 3 verschiedene Stücke vor (gemischt up tempo / Ballade), davon mind. eine in deutscher Sprache.&nbsp;</div><div>Wenn Sie sich für eine bestimmte Partie bewerben, sind die Songs aus der jeweiligen Partie unbedingt zum Vorsingen vorzubereiten. Eine genauere Liste über die vorzubereitenden Stücke wird Ihnen mit der Einladung zur Audition zugeschickt.</div><div>Bitte bringen Sie zur Audition unbedingt geklebte NOTEN in richtiger Reihenfolge und Tonart für den Pianisten mit (keine Lead-Sheets!). Und bitte TANZ-KLEIDUNG nicht vergessen.</div><div><br></div><div>Fahrtkosten zur Audition können leider nicht übernommen werden.</div><div><br></div><div>BEWERBUNGEN:</div><div>Bitte schicken Sie Ihre Bewerbung (mit Lebenslauf und Foto) ausschließlich per EMail an: bewerbung@kammeroper-koeln.de</div>",0,2015-07-03 15:40:18,2015-07-03 15:40:18,2015-07-03 15:40:18,"Mainfranken Theater Würzburg
Theaterstr. 21
97070 Würzburg
Deutschland
Ansprechpartner/in:
Christoph Blitt
Telefon:
0931/3908-147
Telefax:
0931/3908-100
E-Mail:
simone.rupp@stadt.wuer…
Website:
www.theaterwuer…",40,60,0
renate@theaterjobs.de,Theater Plauen-Zwickau,> 2.500/250/25€,normal,2015-07-31,2015-08-29,2015-07-30,2015-07-30,,DIPL. BETRIEBSWIRT (FH / BA) BZW. BACHELOR ODER MASTER (M/W),"<div>Die Württembergischen Staatstheater Stuttgart sind mit den Sparten Oper, Ballett und Schauspiel das größte Drei-Sparten-Theater Europas. Mit etwa 1000 Vorstellungen pro Jahr erreichen wir rund 500.000 Zuschauer. Über 1.350 Beschäftigte aus mehr als 50 Nationen ermöglichen den Spielbetrieb im Opernhaus, Schauspielhaus und den weiteren Spielstätten.</div><div><br></div><div>Leisten Sie im Rahmen Ihres neuen Arbeitsbereiches in einem außergewöhnlichen, spannenden und internationalen Arbeitsumfeld Ihren Beitrag zu den großartigen Produktionen unseres Hauses.</div><div><br></div><div>Für unsere Abteilung Wirtschaftsplanung/Controlling suchen wir zum schnellstmöglichen Termin einen&nbsp;</div><div><br></div><div>Dipl. Betriebswirt (FH / BA) bzw. Bachelor oder Master (m/w)</div><div>(Referenznummer 306201514-T)</div><div><br></div><div>in Vollzeit.&nbsp;</div><div><br></div><div>Aufgaben</div><div>Das Aufgabengebiet umfasst alle Bereiche des operativen Controllings, insbesondere die Wirtschaftsplanung der künstlerischen Sparten und des zentralen Betriebs.</div><div>Voraussetzungen</div><div>Neben Interesse an der Arbeit im Theater setzen wir eine ausgeprägte Fähigkeit zum logisch-analytischen Denken, Spaß an der Arbeit mit Zahlen und sehr gute EDV-Kenntnisse (v.a. Excel) voraus. Wir erwarten überdurchschnittliches Engagement und Belastbarkeit sowie die Fähigkeit zu selbstständigem und serviceorientiertem Arbeiten. Ein Studienschwerpunkt in einem der Bereiche der Betriebswirtschaft des Kulturbetriebs wäre von Vorteil, besonders erwünscht sind (zumindest Praktikums-)Erfahrungen im Theatercontrolling.</div><div><br></div><div>Wir bieten einen spannenden Arbeitsplatz mit vielfältigsten Berührungspunkten zu Kunst, Technik und Administration.</div><div><br></div><div>Das Arbeitsverhältnis richtet sich nach den Regeln des öffentlichen Dienstes (TV-L).</div><div>Die Stelle ist vorerst für die Dauer eines Jahres befristet; bei Bewährung besteht die Möglichkeit einer unbefristeten Übernahme.</div><div><br></div><div>Frauen und Männer haben bei uns die gleichen Chancen. Schwerbehinderte werden bei entsprechender Eignung bevorzugt berücksichtigt.</div><div><br></div><div>Bewerbung&nbsp;</div><div>Bewerbungen mit den üblichen Unterlagen, insbesondere der Angabe der Referenznummer, Ihres frühestmöglichen Eintrittstermins und Ihrer Gehaltsvorstellungen, erbitten wir ausschließlich per E-Mail bis 17.07.2015 an Frau Julia Kallmann</div><div><br></div><div>unter: bewerbung@staatstheater-stuttgart.de</div><div><br></div><div>Bitte nur eine Mailanlage (inklusive Lebenslauf und Zeugnissen) und nur im PDF-Format senden. Die Gesamtgröße darf 2 MB nicht überschreiten.</div>",0,2015-07-03 15:43:00,2015-07-03 15:43:00,2015-07-03 15:43:00,"Kammeroper Köln
Rommerskirchener Str. 21
50259 Pulheim (bei Köln)
Ansprechpartner/in:
Jennifer Woda
Telefon:
02238 - 956 03-0
E-Mail:
bewerbung@kammeroper-k…
Website:
www.kammeroper-…",18,22,1
renate@theaterjobs.de,Die Badische Landesbühne,"> 85/8,50€",normal,2015-07-31,2016-07-28,2015-07-30,2015-07-30,,BELEUCHTUNGSMEISTER/IN,"<div>Die Münchner Kammerspiele suchen zum 01.09.2015</div><div><br></div><div>einen/ eine Beleuchtungsmeister/in&nbsp;</div><div><br></div><div>Die Münchner Kammerspiele zählen zu den bedeutendsten deutschen Sprechtheatern. Wiederholte Einladungen zum Berliner Theatertreffen, Gastspiele auf den wichtigsten Bühnen im In- und Ausland und hervorragende Rezensionen belegen den künstlerischen Rang des Ensembles. Die Otto-Falckenberg-Schule und die Schauburg, das Kinder- und Jugendtheater der Stadt München, sind Teil des Eigenbetriebs Münchner Kammerspiele.</div><div>Sie erwartet ein vielfältiges und interessantes Aufgabenfeld des größten kommunalen Theaters in Bayern. Rund 350 Beschäftigte arbeiten täglich dafür, den Münchner Bürgerinnen und Bürgern ein umfangreiches und spannendes Repertoire an Theatervorführungen zu bieten. Durch kreatives und engagiertes Arbeiten tragen Sie dazu bei, dass die Stadt München über ihre Grenzen hinaus dem Ruf einer Kulturhauptstadt gerecht wird.</div><div><br></div><div>Was sind die Aufgabenschwerpunkte?</div><div><br></div><div>-Einrichten der Beleuchtung für den Proben- und Vorstellungsbetrieb (auch bei nationalen und internationalen Gastspielen) sowie den Unterhalt der entsprechenden Betriebsanlagen</div><div>-Erarbeiten von Lichtgestaltungskonzepten für Theaterproduktionen im Dialog mit Regisseurinnen/ Regisseuren und Bühnenbildnerinnen/ Bühnenbildnern</div><div>Worauf kommt es uns an?</div><div><br></div><div>Fachliche Kompetenz:&nbsp;</div><div>-Meister/in für Veranstaltungstechnik (Fachrichtung Beleuchtung) oder Beleuchtungsmeister/in</div><div>-praktische Erfahrung als Lichtgestalter/in am Theater</div><div>-fundierte fachliche Kenntnisse in den Bereichen Netzwerktechnik, Linux-Serversysteme, aktuelle Lichtsteuertechnik (ETC EOS Familie) und motorisierte Scheinwerfer</div><div>-Vertrautheit mit Bürokommunikation und CAD; Fremdsprachenkenntnisse (Englisch, sicher in Wort und Schrift)</div><div>-MegaCAD-Kenntnisse sind erwünscht</div><div><br></div><div>Soziale Kompetenz:&nbsp;</div><div>Bereitschaft Jugendliche auszubilden</div><div><br></div><div>Persönliche Kompetenz:&nbsp;</div><div>Ein hohes Maß an kreativer, ästhetischer und technischer Kompetenz, hohe Belastbarkeit, Teamfähigkeit, Eigeninitiative, Flexibilität, Zuverlässigkeit, Durchsetzungsvermögen, ökonomischen Sachverstand sowie einfühlsamen Umgang mit Künstlerinnen/ Künstlern setzen wir voraus.</div><div>Wir bieten ein interessantes und abwechslungsreiches Arbeitsgebiet. Das Vertragsverhältnis richtet sich nach den Bestimmungen des Normalvertrags Bühne (NV Bühne), Sonderregelungen Bühnentechniker.</div><div>Für Rückfragen zur Stellenausschreibung wenden Sie sich bitte an die Münchner Kammerspiele, Personalbüro, Christina Köpf, Telefon 089 / 23336854 oder per E-Mail: christina.koepf@muenchen.de</div><div><br></div><div>Nähere Auskünfte zum Tätigkeitsfeld erteilt Klaus Hammer (Technischer Direktor), Telefon 089 / 23336900.</div><div><br></div><div><br></div><div>Die Landeshauptstadt München fördert aktiv die Gleichstellung aller Mitarbeiterinnen und Mitarbeiter. Wir begrüßen deshalb Bewerbungen von Frauen und Männern, unabhängig von deren kultureller und sozialer Herkunft, Alter, Religion, Weltanschauung, Behinderung oder sexueller Identität. Schwerbehinderte Bewerberinnen und Bewerber werden bei gleicher Eignung unter Berücksichtigung aller Umstände des Einzelfalls bevorzugt.</div><div><br></div><div>Ihre aussagekräftige Bewerbung richten Sie bitte bis spätestens 12.07.2015 an Münchner Kammerspiele, Personalabteilung, Falckenbergstraße 2, 80539 München oder per E-Mail an: bewerbungen.mk@muenchen.de. Bewerbungen per E-Mail bitte nur im PDF-Format senden.</div>",0,2015-07-03 15:45:22,2015-07-03 15:45:22,2015-07-03 15:45:22,"Staatstheater Stuttgart
Oberer Schlossgarten 6
70173 Stuttgart
Deutschland
Website:
www.staatstheat…",19,35,1
renate@theaterjobs.de,Die Badische Landesbühne,"> 1.765/175/17,50€",normal,2015-07-31,2015-08-29,2015-07-18,2015-07-18,,DJ & VERANSTALTUNGSTECHNIKER/IN,"<div>Mach dein Ich zu deinem Job</div><div><br></div><div>Ein ROBIN bist du durch und durch. Von oben bis unten, von links bis rechts. Hinter den Ohren, bis in die letzte Haarspitze und vor allem im Herzen. ROBIN, so nennen wir uns alle hier im Team bei ROBINSON.&nbsp;</div><div><br></div><div>Unsere Clubs sind für ihre</div><div>besondere, ihre einzigartige Atmosphäre bekannt. Das liegt am innovativen Urlaubskonzept, am herzlichen „Du“ untereinander und unseren Gästen gegenüber – und vor allem an unseren 4.500 ROBINS! In über 20 außergewöhnlichen Locations setzen sie die Erfolgsgeschichte von ROBINSON fort, die vor über 40 Jahren begann. Nur ihretwegen kann sich ROBINSON heute deutscher Marktführer im Premiumsegment für Cluburlaub nennen.</div><div><br></div><div>Als ROBIN bist du dort zu Hause, wo andere Urlaub machen!</div><div><br></div><div>Arbeite hinter den Kulissen als&nbsp;</div><div><br></div><div>DJ &amp; Veranstaltungstechniker/in</div><div><br></div><div>Ob Tanzshow auf der Theaterbühne, Party im Nightclub, Background im Restaurant oder Amphitheater mit 800 Plätzen unter freiem Himmel: Alle Produktionen für den Club sind von dir! Du führst die Beleuchtungs- und Toneinrichtung vor den Programmen durch und sorgst für das Equipment. Während der Veranstaltung bist du für die Steuerung verantwortlich. Mit Requisite &amp; Kostüme, Bühne &amp; Dekoration, Tanz &amp; Choreographie verbindet dich eine enge Zusammenarbeit bei der Abstimmung der Programmpunkte.</div><div><br></div><div>Du solltest dein Ich und Folgendes mitbringen:</div><div>| Ausbildung als Ton- und/oder Lichttechniker/in oder einige Jahre vergleichbare Berufserfahrung</div><div>| Alternativ: Berufserfahrung als DJ</div><div>| Musikfachkenntnisse, technisches Know-how</div><div>Bei ROBINSON kannst du…&nbsp;</div><div>| mit fachlich erstklassigen, aufgeschlossenen Kollegen arbeiten&nbsp;</div><div>| dich beruflich entwickeln und persönliche Ziele erreichen&nbsp;</div><div>| dich kreativ entfalten und neue Talente an dir entdecken&nbsp;</div><div>| echten Team-Zusammenhalt spüren&nbsp;</div><div>| neue Länder kennenlernen und Clubambiente genießen&nbsp;</div><div>Darüberhinaus bieten wir dir eine sichere Anstellung mit hervorragenden Konditionen. Neben dem Gehalt stellen wir Unterkunft und Verpflegung zur Verfügung. Du genießt die kulinarischen Köstlichkeiten zusammen mit unseren Gästen und kannst alle Clubeinrichtungen nutzen.</div><div><br></div><div>Jetzt bewerben:&nbsp;</div><div>Der schnelle und einzig richtige Weg zu deiner Bewerbung: unser Online-Formular unter https://jobs.robinson.de/!&nbsp;</div><div>Nutze die einfache Maske, um deine Daten einzutragen und Unterlagen hochzuladen!&nbsp;</div><div><br></div><div>Viel Erfolg!</div><div>Dein Team Personal aus Hannover</div>",0,2015-07-03 15:48:46,2015-07-03 15:48:46,2015-07-03 15:48:46,"Münchner Kammerspiele
Falckenbergstr. 2
80539 München
Deutschland
Ansprechpartner/in:
Christina Köpf
Telefon:
089/23336854
E-Mail:
christina.koepf@muench…
Website:
www.muenchner-k…",20,45,1
renate@theaterjobs.de,Staatsoperette Dresden,> 2.500/250/25€,normal,2015-07-31,2015-08-31,2015-07-30,2015-07-30,,TENOR,"<div>Das Stadttheater Gießen ist eines von sechs großen öffentlich gefördertenTheatern in Hessen und als Drei-Sparten-Haus mit überregionaler Ausstrahlung ein kulturelles Zentrum in Mittelhessen. Es bietet auf zwei Bühnen ein vielfältiges Repertoire mit Oper, Musical und Operette, klassischem und modernem Schauspiel sowie modernem Tanztheater.</div><div><br></div><div><br></div><div>Zur Spielzeit 2015/16 sucht das Stadttheater Gießen für den Opernchor</div><div><br></div><div>einen Tenor.</div><div>Die Beherrschung der deutschen Sprache wird vorausgesetzt.</div><div>Die Vergütung erfolgt nach Opernchor-Gagenklasse 2b.</div><div>Ihre Bewerbungsunterlagen senden Sie bitte an das Stadttheater Gießen, Chordirektion, 35390 Gießen.</div>",0,2015-07-03 15:54:21,2015-07-03 15:54:21,2015-07-03 15:54:21,"Robinson Club
Karl-Wiechert-Allee 4
30625 Hannover
Deutschland
Ansprechpartner/in:
Anna Tsiknas
Telefon:
0511 - 955 5726
E-Mail:
jobs@robinson.de
Website:
jobs.robinson.c…",46,60,0
renate@theaterjobs.de,Die Badische Landesbühne,> 2.500/250/25€,normal,2015-07-31,2015-08-31,2015-07-30,2015-07-30,true,PROJEKTLEITUNG FÜR DIE SCHWEIZ,"<div>Projektleitung für die Schweiz gesucht!</div><div><br></div><div>""Mensch: Theater!"" wurde 2011 vom Dipl. Theaterpädagogen Tobias Gerstner als freies Tourneetheater gegründet. Der Schwerpunkt liegt dabei auf interaktivem Präventionstheater nach Augusto Boal und Theater im sozialen Kontext. Die Themen der Stücke reichen von Gewalt/Mobbing, sexualisierter Gewalt, Sucht zu Verbrechen im Namen der Ehre. Die Gruppe bietet keine vorformulierten Lösungen, sie begibt sich gemeinsam mit ihrem Publikum auf die Suche nach möglichen Handlungsoptionen.</div><div><br></div><div>Seit 2014 leitet der Theaterpädagoge (BA) Dirk Kaufmann ""Mensch: Theater! - Norddeutschland"". 2015 übernahm Nils Flachmeier die Projektleitung für NRW .</div><div><br></div><div>""Mensch: Theater!"" arbeitete bisher mit/ für verschiedene/n namenhafte/n Kooperationspartnern zusammen: TERRE DES FEMMES, Bundesministerium für Familie, Senioren, Frauen und Jugend, Kulturstiftung des Bundes, Landkreis Emsland, Brot für die Welt, Slowfood Germany e.V., meineLandwirtschaft,...</div><div><br></div><div>2014 gewann die Produktion „Mein Leben. Meine Liebe. Meine Ehre?“ (TERRE DES FEMMES e.V./ Mensch: Theater!) den Preis „Aktiv für Demokratie und Toleranz“ vom Bündnis für Demokratie und Toleranz.</div><div><br></div><div>2015 wurde „Mensch: Theater!“ von Herrn Bundespräsident Joachim Gauck eingeladen, um in Schloss Bellevue anlässlich des Weltfrauentags das zuvor genannte Theaterstück zu präsentieren.</div><div>Wir suchen einen von Theater begeisterten Menschen, der Lust hat das ""Mensch: Theater! - Konzept"" in der Schweiz zu positionieren.</div><div><br></div><div>Dabei können wir auf einige vorhandene Ressourcen im Raum Zürich zurückgreifen und planen eine enge Verzahnung mit dem zentralen Standort in Süddeutschland.</div><div>Die Tätigkeit erfolgt in freier Einteilung und wird nach festen Prozentsätzen honoriert.</div><div>Leitsätze</div><div><br></div><div>Theaterpädagogische Arbeit wirkt persönlichkeitsfördernd und selbsterziehend, schult die Selbst- und Fremdwahrnehmung, fördert Selbsterkenntnis, das Selbstwertgefühl,&nbsp;</div><div>Selbstbewusstsein, unsere individuelle Kreativität und Sozialkompetenz.</div><div><br></div><div>Im Vordergrund unserer theaterpädagogischen Arbeit steht immer der Mensch selbst, mit seinem Körper, seinem Geist und seiner Seele.</div><div><br></div><div>Wir bieten eine prozess- statt produktbezogene Arbeitsweise. Es steht die Arbeit an einer Produktion und nicht alleine die Aufführung im Mittelpunkt.</div><div><br></div><div>Theaterpädagogische Arbeit bewirkt ein Spannungsfeld zwischen Sein und Sein können. Wir fördern Kreativität, das Überdenken, Verlassen und neu Gestalten von zementierten Denk- und Verhaltensweisen, ein Miteinander in gruppendynamischen Prozessen, sanfte Einsichten.</div><div><br></div><div>Wir finden gemeinsam neue Gestaltungsmöglichkeiten im Spiel, die sich positiv auf das eigene Leben auswirken können.</div><div><br></div><div>Ein Schwerpunkt unserer Ensemblearbeit sind Produktionen für die Gewalt- und Suchtprävention, Maskentheater, sowie Tanzperformance.</div><div><br></div><div>""Mensch: Theater!"" fördert Inklusion, indem es weder ausgrenzt, noch unterscheidet in Schicht, kulturelle Ursprünge oder polarisiert in normal/ behindert, krank/gesund. Wir bieten Raum zum Begegnen und Mitgestalten, Wahrnehmen und Erkennen.</div><div><br></div><div>""Mensch: Theater!"" bildet eine Synthese aus Denken, Fühlen und Wollen!</div>",0,2015-07-03 15:57:53,2015-07-03 15:57:53,2015-07-03 15:57:53,"Stadttheater Gießen
Berliner Platz
35390 Gießen
Deutschland
Telefon:
0641 - 7957 - 0
E-Mail:
chor@stadttheater-gies…
Website:
www.stadttheate…",65,75,1
renate@theaterjobs.de,Die Badische Landesbühne,> 2.500/250/25€,normal,2015-07-31,2015-08-31,2015-07-30,2015-07-30,true,WERKSTATTLEITUNG FÜR DIE DAMENSCHNEIDEREI,"<div>Das Staatstheater Braunschweig ist das zweitgrößte Mehrspartentheater Niedersachsens. Neben dem Repertoirebetrieb mit den Sparten Musiktheater, Konzert, Schauspiel und Tanz, sowie dem Kinder- und Jugendtheater, veranstaltet das Staatstheater auch regelmäßig Festivals für Internationals Theater und junge Regie.</div><div><br></div><div>Wir suchen ab der SZ 15/16 für die Kostümabteilung</div><div><br></div><div>eine Werkstattleitung (m/w) für die Damenschneiderei.</div><div>Neben dem Meisterabschluss als Damenschneider/in bzw. Maßschneider/in, Schwerpunkt Damen, setzen wir ein hohes Maß an Belastbarkeit und selbstständiges Arbeiten voraus. Weiterhin erwarten wir Einsatzbereitschaft und Teamfähigkeit, die Fähigkeit zu einem souveränen Umgang mit Mitarbeitern und künstlerischem Personal sowie künstlerisches Einfühlungsvermögen.</div><div>Wir bieten eine interessante, vielseitige und verantwortungsvolle Tätigkeit in einem engagierten Team. Das Arbeitsverhältnis richtet sich nach NV-Bühne, SR Bühnentechniker.</div><div>Ihre aussagekräftige Bewerbung richten Sie bitte bis zum 10.07.2015 an das</div><div><br></div><div>Staatstheater Braunschweig</div><div>Verwaltungsdirektion</div><div>Am Theater</div><div>38100 Braunschweig</div><div><br></div><div>oder</div><div>bewerbung@staatstheater-braunschweig.de</div><div><br></div><div>Eingangsbestätigungen/Zwischennachrichten werden nicht versandt. Sofern die Rücksendung der Unterlagen gewünscht wird, ist den Bewerbungsunterlagen ein frankierter Rückumschlag beizufügen. Andernfalls werden die Bewerbungsunterlagen vier Wochen nach Abschluss des Auswahlverfahrens nach den Vorgaben des Datenschutzrechts vernichtet. Elektronische Bewerbungen werden entsprechend gelöscht</div>",0,2015-07-03 16:01:14,2015-07-03 16:01:14,2015-07-03 16:01:14,"Kontakt:
""Mensch: Theater!""
Hofmattstraße 10
76547 Sinzheim
Ansprechpartner/in:
Tobias Gerstner
Telefon:
07223 / 9159725
E-Mail:
gerstner@mensch-theate…
Website:
www.mensch-thea…",56,60,0
renate@theaterjobs.de,Theater Plauen-Zwickau,> 2.500/250/25€,teaching activity,2015-07-31,2015-08-31,2015-07-30,2015-07-30,true,EARLY STAGES-LEHRER/IN IN DARMSTADT,"<div>STAGECOACH, das größte Netzwerk von Freizeitschulen für die darstellenden Künste für Kinder und Jugendliche betreibt derzeit Schulen an 12 Standorten in ganz Deutschland und sucht derzeit verstärkt Early Stages Lehrer/ -innen für die Kleinsten an unserer Schule in Darmstadt.</div><div><br></div><div>3 Stunden Unterricht samstags.</div><div>Sie müssen regelmäßig samstagvormittags außerhalb der Schulferien zur Verfügung stehen können (36 Unterrichtstermine im Jahr) und sollten idealerweise bereits mit Kindern in Gruppen gearbeitet haben.</div><div>Mindestanforderung ist mehrjährige Unterrichtserfahrung und Kreativität, pädagogische bzw. fachliche Ausbildung erwünscht, aber keine Grundvoraussetzung. Musikalische Früherziehung, Theaterpädagogik sind hilfreiche Kenntnisse.</div><div>Sie arbeiten selbständig als Honorarkraft - da unsere Schulen von der Umsatzsteuer befreit sind, brauchen auch Sie keine Umsatzsteuer von Ihrem Honorar abführen!</div><div>Wenn Sie Interesse und entsprechende Qualifikation haben, senden Sie Ihre Unterlagen direkt an die Schulleiterin Luisa Jungmann, sie wird sich dann umgehend bei Ihnen melden.</div>",0,2015-07-03 16:03:10,2015-07-03 16:03:10,2015-07-03 16:03:10,"Kontakt:
Staatstheater Braunschweig
Am Theater
38100 Braunschweig
Ansprechpartner/in:
Herr Herlitzius
Telefon:
0531-1234-350
E-Mail:
ernstherlitzius@staats…
Website:
www.staatstheat…",78,85,1
renate@theaterjobs.de,Theater Plauen-Zwickau,> 2.500/250/25€,teaching activity,2015-07-31,2015-08-28,2015-07-30,2015-07-30,true,LEHRBEAUFTRAGTER,"<div>Am Institut für Musik der Hochschule Osnabrück, Studienprofil Musical, ist zum 01.09.2015 ein Lehrauftrag im Fach Sprecherziehung im Umfang von 6 SWS zu besetzen</div><div><br></div><div>Aufgaben:</div><div>Grundlagen der Sprechbildung</div><div>Physiologische und auditive Phonetik</div><div>Phonologie</div><div>Diktion</div><div>Atmung/Artikulation</div><div>Standardaussprache des Deutschen und Varietäten</div><div>Einsatz und Modulationen der Sprechstimme sowie Übergang von Sprech- und Singstimme in Bühnensituationen</div><div>Abnahme von Prüfungen im Fach Sprecherziehung</div><div><br></div><div>Der Unterricht findet im Gruppen- und Einzelunterricht statt</div><div>Voraussetzungen:</div><div>Abgeschlossenes Hochschulstudium oder eine adäquate abgeschlossene Ausbildung im Bereich Sprechen sowie Unterrichtserfahrung möglichst an einer künstlerischen Hochschule.</div><div>Ein hohes Maß an Teamfähigkeit und die Bereitschaft zum Teamteaching sind erwünscht, physische und psychische Belastbarkeit unabdingbar.</div><div>Lehrauftrag 6 SWS (60 Min) Rechnerische Vergütung pro UE: 37,- Euro; zzgl. Fahrtkosten</div>",0,2015-07-03 16:05:38,2015-07-03 16:05:38,2015-07-03 16:05:38,"Stagecoach Darmstadt
Pfarrgasse 20
64572 Worfelden
Deutschland
Ansprechpartner/in:
Luisa Jungmann
Telefon:
0151-41855060
E-Mail:
darmstadt@stagecoach.d…
Website:
www.stagecoach.…",84,90,0
renate@theaterjobs.de,Staatsoperette Dresden,"> 85/8,50€",teaching activity,2015-07-31,2015-08-28,2015-07-30,2015-07-30,true,LEHRAUFTRAG (M/W) FÜR GESANGSPÄDAGOGISCHE METHODIK (GESANG/MUSIKTHEATER),"<div>An der Hochschule für Musik und Darstellende Kunst Frankfurt am Main ist zum Wintersemester 2015/2016 ein</div><div><br></div><div>Lehrauftrag Gesangspädagogische Methodik im Ausbildungsbereich Gesang / Musiktheater</div><div><br></div><div>über max. 8 Semesterwochenstunden zu besetzen.</div><div>Die Bewerber sollten neben eigener sängerischer Erfahrung als Konzert- oder/und Opernsänger über fundierte Kenntnisse der Stimmphysiologie verfügen und mit unterschiedlichen Unterrichtsmethoden im Fach Gesang vertraut sein. Neben den geforderten pädagogischen Fähigkeiten ist ein erhöhtes Maß an Teamfähigkeit erwünscht.</div><div><br></div><div>Fachliche Voraussetzungen:</div><div>Abgeschlossenes Hochschulstudium im Fach Gesang und/oder Gesangspädagogik sowie pädagogische Erfahrung möglichst im Hochschulbereich.</div><div>Lehrauftrag über max. 8 Semesterwochenstunden</div><div>Für Rückfragen steht Ihnen Frau Friederike Vogel, Geschäftsführerin des Fachbereichs 3, Tel. 069/154007-203, friederike.vogel@hfmdk-frankfurt.de, zur Verfügung. Weitere Informationen zur Hochschule finden Sie unter: www.hfmdkfrankfurt.de.</div><div><br></div><div>Ihre Bewerbung mit Lebenslauf, Zeugnissen, Nachweis der gesangspädagogischen Tätigkeiten und einem kurzen Statement zum Unterricht der Gesangspädagogik / Stimmphysiologie richten Sie bitte bis zum 1. Juli 2015</div><div>an das Dekanat des Fachbereichs 3 Darstellende Kunst</div><div>Stichwort „LA Stimmphysiologie / Gesangspädagogische Methodik“</div><div>Hochschule für Musik und Darstellende Kunst Frankfurt am Main</div><div>Eschersheimer Landstraße 29-39</div><div>60322 Frankfurt am Main.</div><div><br></div><div>Es wird um Vorlage von Kopien gebeten, da aus Kostengründen eine Rücksendung der Unterlagen nicht erfolgen kann.</div>",0,2015-07-03 16:10:06,2015-07-03 16:10:06,2015-07-03 16:10:06,"Kontakt:
Institut für Musik
Hochschule Osnabrück
Caprivistraße 1
49076 Osnabrück
Deutschland
Ansprechpartner/in:
Dirk Engler
Website:
www.hs-osnabrue…",90,95,1
renate@theaterjobs.de,Theater Plauen-Zwickau,> 2.500/250/25€,teaching activity,2015-07-31,2015-08-28,2015-07-30,2015-07-30,false,LEHRBEAUFTRAGTER,"<div>Am Institut für Musik der Hochschule Osnabrück, Studienprofil Musical, ist zum 01.09.2015 ein Lehrauftrag im Fach Sprecherziehung im Umfang von 6 SWS zu besetzen</div><div><br></div><div>Aufgaben:</div><div>Grundlagen der Sprechbildung</div><div>Physiologische und auditive Phonetik</div><div>Phonologie</div><div>Diktion</div><div>Atmung/Artikulation</div><div>Standardaussprache des Deutschen und Varietäten</div><div>Einsatz und Modulationen der Sprechstimme sowie Übergang von Sprech- und Singstimme in Bühnensituationen</div><div>Abnahme von Prüfungen im Fach Sprecherziehung</div><div><br></div><div>Der Unterricht findet im Gruppen- und Einzelunterricht statt</div><div>Voraussetzungen:</div><div>Abgeschlossenes Hochschulstudium oder eine adäquate abgeschlossene Ausbildung im Bereich Sprechen sowie Unterrichtserfahrung möglichst an einer künstlerischen Hochschule.</div><div>Ein hohes Maß an Teamfähigkeit und die Bereitschaft zum Teamteaching sind erwünscht, physische und psychische Belastbarkeit unabdingbar.</div><div>Lehrauftrag 6 SWS (60 Min) Rechnerische Vergütung pro UE: 37,- Euro; zzgl. Fahrtkosten</div>",0,2015-07-03 16:05:38,2015-07-03 16:05:38,2015-07-03 16:05:38,"Stagecoach Darmstadt
Pfarrgasse 20
64572 Worfelden
Deutschland
Ansprechpartner/in:
Luisa Jungmann
Telefon:
0151-41855060
E-Mail:
darmstadt@stagecoach.d…
Website:
www.stagecoach.…",84,90,0
renate@theaterjobs.de,Staatsoperette Dresden,"> 85/8,50€",teaching activity,2015-07-31,2015-08-28,2015-07-30,2015-07-30,false,LEHRAUFTRAG (M/W) FÜR GESANGSPÄDAGOGISCHE METHODIK (GESANG/MUSIKTHEATER),"<div>An der Hochschule für Musik und Darstellende Kunst Frankfurt am Main ist zum Wintersemester 2015/2016 ein</div><div><br></div><div>Lehrauftrag Gesangspädagogische Methodik im Ausbildungsbereich Gesang / Musiktheater</div><div><br></div><div>über max. 8 Semesterwochenstunden zu besetzen.</div><div>Die Bewerber sollten neben eigener sängerischer Erfahrung als Konzert- oder/und Opernsänger über fundierte Kenntnisse der Stimmphysiologie verfügen und mit unterschiedlichen Unterrichtsmethoden im Fach Gesang vertraut sein. Neben den geforderten pädagogischen Fähigkeiten ist ein erhöhtes Maß an Teamfähigkeit erwünscht.</div><div><br></div><div>Fachliche Voraussetzungen:</div><div>Abgeschlossenes Hochschulstudium im Fach Gesang und/oder Gesangspädagogik sowie pädagogische Erfahrung möglichst im Hochschulbereich.</div><div>Lehrauftrag über max. 8 Semesterwochenstunden</div><div>Für Rückfragen steht Ihnen Frau Friederike Vogel, Geschäftsführerin des Fachbereichs 3, Tel. 069/154007-203, friederike.vogel@hfmdk-frankfurt.de, zur Verfügung. Weitere Informationen zur Hochschule finden Sie unter: www.hfmdkfrankfurt.de.</div><div><br></div><div>Ihre Bewerbung mit Lebenslauf, Zeugnissen, Nachweis der gesangspädagogischen Tätigkeiten und einem kurzen Statement zum Unterricht der Gesangspädagogik / Stimmphysiologie richten Sie bitte bis zum 1. Juli 2015</div><div>an das Dekanat des Fachbereichs 3 Darstellende Kunst</div><div>Stichwort „LA Stimmphysiologie / Gesangspädagogische Methodik“</div><div>Hochschule für Musik und Darstellende Kunst Frankfurt am Main</div><div>Eschersheimer Landstraße 29-39</div><div>60322 Frankfurt am Main.</div><div><br></div><div>Es wird um Vorlage von Kopien gebeten, da aus Kostengründen eine Rücksendung der Unterlagen nicht erfolgen kann.</div>",0,2015-07-03 16:10:06,2015-07-03 16:10:06,2015-07-03 16:10:06,"Kontakt:
Institut für Musik
Hochschule Osnabrück
Caprivistraße 1
49076 Osnabrück
Deutschland
Ansprechpartner/in:
Dirk Engler
Website:
www.hs-osnabrue…",90,95,1
